Workbook

Sheet 00_README
A1: L'Oréal — AI Discovery Measurement Analysis
A2: Portfolio analysis workbook | evidence → calculations → context → charts
A4: BUSINESS QUESTION
A5: As beauty discovery moves into conversational AI, how can L'Oréal extend its existing measurement/data-collaboration model to understand AI-driven demand without needing to own the AI touchpoint?
A7: WORKBOOK STRUCTURE
A8: 01_LOreal_Data | B8: Clean L'Oréal annual data.
A9: 02_Calculations | B9: YoY, percentage points, CAGR, indexing and comparisons.
A10: 03_FRED | B10: U.S. Health & Personal Care Stores context.
A11: 04_Eurostat_Consumer | B11: Consumer online-purchase adoption.
A12: 05_Eurostat_Business | B12: Enterprise B2C web-sales adoption.
A13: 06_Charts | B13: Clean tables feeding the PPT visuals.
A14: 07_Sources | B14: Source audit, definitions and limitations.
A15: 08_Appendix_Analysis | B15: Supporting observations, including Spain.
A18: KEY METHODOLOGY RULES
A19: • | B19: Reported growth and LFL growth are not interchangeable.
A20: • | B20: Use percentage-point change for shares/adoption rates.
A21: • | B21: 2025 e-commerce: €13.3bn in sales, 30.2% of Group sales (2025 Universal Registration Document).
A22: • | B22: FRED/Eurostat are contextual, not like-for-like L'Oréal benchmarks.
A23: • | B23: AI attribution is not treated as proof of incrementality.
A24: • | B24: Unknown values remain unknown rather than becoming zero.
A27: SOURCE FILES USED
A28: • | B28: L'Oréal Annual Reports / 2025 Universal Registration Document / 2025 Annual Results.
A29: • | B29: FRED MRTSSM446USS.
A30: • | B30: Eurostat isoc_ec_ib20.
A31: • | B31: Eurostat isoc_ec_esels.

Sheet 01_LOreal_Data
A1: 01 — L'Oréal Core Data
A2: Annual company data | € million unless stated
A4: Year | B4: Total Sales (€m) | C4: Reported YoY Growth | D4: LFL Sales Growth | E4: E-commerce Sales (€m) | F4: E-commerce Share | G4: E-commerce Growth | H4: Operating Margin
A5: 2021 | B5: 32287.6 | D5: 0.161 | E5: 9300 | F5: 0.289 | H5: 0.191
A6: 2022 | B6: 38260.6 | C6: =(B6/B5)-1 -> 0.18499362 | D6: 0.109 | E6: 10800 | F6: 0.28 | G6: 0.089 | H6: 0.195
A7: 2023 | B7: 41182.5 | C7: =(B7/B6)-1 -> 0.076368379 | D7: 0.11 | E7: 11200 | F7: 0.27 | G7: 0.095 | H7: 0.198
A8: 2024 | B8: 43486.8 | C8: =(B8/B7)-1 -> 0.055953378 | D8: 0.051 | E8: 12300 | F8: 0.282 | G8: 0.078 | H8: 0.2
A9: 2025 | B9: 44052 | C9: =(B9/B8)-1 -> 0.012997047 | D9: 0.04 | E9: 13300 | F9: 0.302 | G9: 0.127 | H9: 0.202
A11: E-commerce definition: sales on L'Oréal brand websites, sales to online pure players, and the e-commerce portion of sales to traditional retailers; like-for-like, based on non-audited declarative data.
A13: 2025: L’Oréal’s Universal Registration Document reports €13.3bn in e-commerce sales, equal to 30.2% of Group sales, up 12.7% in 2025.

Sheet 02_Calculations
A1: 02 — Calculations
A2: Formula-driven calculations used in the analysis
A4: A. Year-on-Year Growth
A5: Year | B5: Total Sales (€m) | C5: Reported YoY | D5: LFL Growth | E5: E-commerce Growth | F5: E-commerce Share | G5: Share Δ (pp)
A6: 2021 | B6: ='01_LOreal_Data'!B5 -> 32287.6 | C6: ='01_LOreal_Data'!C5 -> 0 | D6: ='01_LOreal_Data'!D5 -> 0.161 | E6: ='01_LOreal_Data'!G5 -> 0 | F6: ='01_LOreal_Data'!F5 -> 0.289
A7: 2022 | B7: ='01_LOreal_Data'!B6 -> 38260.6 | C7: ='01_LOreal_Data'!C6 -> 0.18499362 | D7: ='01_LOreal_Data'!D6 -> 0.109 | E7: ='01_LOreal_Data'!G6 -> 0.089 | F7: ='01_LOreal_Data'!F6 -> 0.28 | G7: =F7-F6 -> -0.009
A8: 2023 | B8: ='01_LOreal_Data'!B7 -> 41182.5 | C8: ='01_LOreal_Data'!C7 -> 0.076368379 | D8: ='01_LOreal_Data'!D7 -> 0.11 | E8: ='01_LOreal_Data'!G7 -> 0.095 | F8: ='01_LOreal_Data'!F7 -> 0.27 | G8: =F8-F7 -> -0.01
A9: 2024 | B9: ='01_LOreal_Data'!B8 -> 43486.8 | C9: ='01_LOreal_Data'!C8 -> 0.055953378 | D9: ='01_LOreal_Data'!D8 -> 0.051 | E9: ='01_LOreal_Data'!G8 -> 0.078 | F9: ='01_LOreal_Data'!F8 -> 0.282 | G9: =F9-F8 -> 0.012
A10: 2025 | B10: ='01_LOreal_Data'!B9 -> 44052 | C10: ='01_LOreal_Data'!C9 -> 0.012997047 | D10: ='01_LOreal_Data'!D9 -> 0.04 | E10: ='01_LOreal_Data'!G9 -> 0.127 | F10: ='01_LOreal_Data'!F9 -> 0.302 | G10: =F10-F9 -> 0.02 | H10: 2025 e-commerce: €13.3bn, 30.2% of Group sales, +12.7% (2025 Universal Registration Document)
A13: B. CAGR
A14: Metric | B14: Start Year | C14: End Year | D14: Start Value | E14: End Value | F14: CAGR
A15: Total Sales | B15: 2021 | C15: 2025 | D15: ='01_LOreal_Data'!B5 -> 32287.6 | E15: ='01_LOreal_Data'!B9 -> 44052 | F15: =(E15/D15)^(1/(C15-B15))-1 -> 0.080767973
A16: E-commerce Sales | B16: 2021 | C16: 2025 | D16: ='01_LOreal_Data'!E5 -> 9300 | E16: ='01_LOreal_Data'!E9 -> 13300 | F16: =(E16/D16)^(1/(C16-B16))-1 -> 0.093558884
A18: CAGR note: total sales and e-commerce sales both use the same 2021–2025 window (4 years).
A20: C. Indexing (2021 = 100)
A21: Year | B21: Total Sales Index | C21: E-commerce Index | D21: Index Gap (Total − E-commerce)
A22: 2021 | B22: =('01_LOreal_Data'!B5/'01_LOreal_Data'!B5)*100 -> 100 | C22: =('01_LOreal_Data'!E5/'01_LOreal_Data'!E5)*100 -> 100 | D22: =B22-C22 -> 0
A23: 2022 | B23: =('01_LOreal_Data'!B6/'01_LOreal_Data'!B5)*100 -> 118.49936 | C23: =('01_LOreal_Data'!E6/'01_LOreal_Data'!E5)*100 -> 116.12903 | D23: =B23-C23 -> 2.3703297
A24: 2023 | B24: =('01_LOreal_Data'!B7/'01_LOreal_Data'!B5)*100 -> 127.54897 | C24: =('01_LOreal_Data'!E7/'01_LOreal_Data'!E5)*100 -> 120.43011 | D24: =B24-C24 -> 7.1188586
A25: 2024 | B25: =('01_LOreal_Data'!B8/'01_LOreal_Data'!B5)*100 -> 134.68576 | C25: =('01_LOreal_Data'!E8/'01_LOreal_Data'!E5)*100 -> 132.25806 | D25: =B25-C25 -> 2.4276972
A26: 2025 | B26: =('01_LOreal_Data'!B9/'01_LOreal_Data'!B5)*100 -> 136.43628 | C26: =('01_LOreal_Data'!E9/'01_LOreal_Data'!E5)*100 -> 143.01075 | D26: =B26-C26 -> -6.5744737
A28: Index interpretation: 2021 is rebased to 100. Indexing shows the full path rather than compressing the period into one CAGR.

Sheet 03_FRED
A1: 03 — FRED External Retail Context
A2: U.S. Retail Sales: Health & Personal Care Stores | monthly, seasonally adjusted, $ millions
A4: Observation Date | B4: Sales ($m) | C4: Year
A5: 43466 | B5: 28419 | C5: 2019
A6: 43497 | B6: 28763 | C6: 2019
A7: 43525 | B7: 28653 | C7: 2019
A8: 43556 | B8: 28584 | C8: 2019
A9: 43586 | B9: 28791 | C9: 2019
A10: 43617 | B10: 28636 | C10: 2019
A11: 43647 | B11: 28497 | C11: 2019
A12: 43678 | B12: 28493 | C12: 2019
A13: 43709 | B13: 28425 | C13: 2019
A14: 43739 | B14: 28704 | C14: 2019
A15: 43770 | B15: 28465 | C15: 2019
A16: 43800 | B16: 28126 | C16: 2019
... A94: 46174 | B94: 40224 | C94: 2026
A97: Annual Summary
A98: Year | B98: Annual Total ($m) | C98: Annual Average ($m) | D98: YoY Growth
A99: 2021 | B99: =SUMIFS($B$5:$B$94,$C$5:$C$94,A99) -> 380966 | C99: =AVERAGEIFS($B$5:$B$94,$C$5:$C$94,A99) -> 31747.167
A100: 2022 | B100: =SUMIFS($B$5:$B$94,$C$5:$C$94,A100) -> 397284 | C100: =AVERAGEIFS($B$5:$B$94,$C$5:$C$94,A100) -> 33107 | D100: =(B100/B99)-1 -> 0.042833219
A101: 2023 | B101: =SUMIFS($B$5:$B$94,$C$5:$C$94,A101) -> 430073 | C101: =AVERAGEIFS($B$5:$B$94,$C$5:$C$94,A101) -> 35839.417 | D101: =(B101/B100)-1 -> 0.082532898
A102: 2024 | B102: =SUMIFS($B$5:$B$94,$C$5:$C$94,A102) -> 442728 | C102: =AVERAGEIFS($B$5:$B$94,$C$5:$C$94,A102) -> 36894 | D102: =(B102/B101)-1 -> 0.029425237
A103: 2025 | B103: =SUMIFS($B$5:$B$94,$C$5:$C$94,A103) -> 475569 | C103: =AVERAGEIFS($B$5:$B$94,$C$5:$C$94,A103) -> 39630.75 | D103: =(B103/B102)-1 -> 0.074178728
A106: Comparability note: FRED is U.S.-only and category-level, while L'Oréal is global and company-specific. Use as directional context only.

Sheet 04_Eurostat_Consumer
A1: 04 — Eurostat Consumer Adoption
A2: Last online purchase: in the last 3 months | % of individuals | 2020–2025
A4: Country | B4: 2020 | C4: 2021 | D4: 2022 | E4: 2023 | F4: 2024 | G4: 2025
A5: EU-27 | B5: 53.76 | C5: 56.94 | D5: 56.02 | E5: 58.06 | F5: 60.2 | G5: 62.35
A6: Germany | B6: 75.03 | C6: 69 | D6: 66.23 | E6: 67.52 | F6: 66.76 | G6: 70.41
A7: France | C7: 65.6 | D7: 63.48 | E7: 65.78 | F7: 69.31 | G7: 70.31
A8: Spain | B8: 53.82 | C8: 55.22 | D8: 55.26 | E8: 55.85 | F8: 56.7 | G8: 59.65
A9: Italy | B9: 31.42 | C9: 39.78 | D9: 37.28 | E9: 39.19 | F9: 41.86 | G9: 43.79
A12: YoY change (percentage points)
A13: Country | B13: 2020→2021 | C13: 2021→2022 | D13: 2022→2023 | E13: 2023→2024
A14: =A5 -> EU-27 | B14: =C5-B5 -> 3.18 | C14: =D5-C5 -> -0.92 | D14: =E5-D5 -> 2.04 | E14: =F5-E5 -> 2.14
A15: =A6 -> Germany | B15: =C6-B6 -> -6.03 | C15: =D6-C6 -> -2.77 | D15: =E6-D6 -> 1.29 | E15: =F6-E6 -> -0.76
A16: =A7 -> France | C16: =D7-C7 -> -2.12 | D16: =E7-D7 -> 2.3 | E16: =F7-E7 -> 3.53
A17: =A8 -> Spain | B17: =C8-B8 -> 1.4 | C17: =D8-C8 -> 0.04 | D17: =E8-D8 -> 0.59 | E17: =F8-E8 -> 0.85
A18: =A9 -> Italy | B18: =C9-B9 -> 8.36 | C18: =D9-C9 -> -2.5 | D18: =E9-D9 -> 1.91 | E18: =F9-E9 -> 2.67
A20: Caveats: this measures people reporting an online purchase in the last 3 months, not beauty purchases or spending. Eurostat flags structural breaks in parts of the series; 2020→2021 comparisons should be treated cautiously. France has no disclosed 2020 value, so its 2020→2021 change is left blank rather than computed against a false zero.

Sheet 05_Eurostat_Business
A1: 05 — Eurostat Business Adoption
A2: Enterprises with web sales — B2C | 10 persons employed or more | % of enterprises | 2020–2025
A4: Country | B4: 2020 | C4: 2021 | D4: 2022 | E4: 2023 | F4: 2024 | G4: 2025
A5: EU-27 | B5: 14.07 | C5: 15.23 | D5: 15.6 | E5: 16.2 | F5: 16.8 | G5: 17.17
A6: Germany | B6: 12.5 | C6: 13.75 | D6: 14.56 | E6: 15.73 | F6: 15.65 | G6: 16.42
A7: France | B7: 11.45 | C7: 13.04 | D7: 12.29 | E7: 13.15 | F7: 14.25 | G7: 14.45
A8: Spain | B8: 17.91 | C8: 18.17 | D8: 21.05 | E8: 21.53 | F8: 22.34 | G8: 21.1
A9: Italy | B9: 11.51 | C9: 13.99 | D9: 13.3 | E9: 13.99 | F9: 14.24 | G9: 15.29
A12: YoY change (percentage points)
A13: Country | B13: 2020→2021 | C13: 2021→2022 | D13: 2022→2023 | E13: 2023→2024 | F13: 2024→2025
A14: =A5 -> EU-27 | B14: =C5-B5 -> 1.16 | C14: =D5-C5 -> 0.37 | D14: =E5-D5 -> 0.6 | E14: =F5-E5 -> 0.6 | F14: =G5-F5 -> 0.37
A15: =A6 -> Germany | B15: =C6-B6 -> 1.25 | C15: =D6-C6 -> 0.81 | D15: =E6-D6 -> 1.17 | E15: =F6-E6 -> -0.08 | F15: =G6-F6 -> 0.77
A16: =A7 -> France | B16: =C7-B7 -> 1.59 | C16: =D7-C7 -> -0.75 | D16: =E7-D7 -> 0.86 | E16: =F7-E7 -> 1.1 | F16: =G7-F7 -> 0.2
A17: =A8 -> Spain | B17: =C8-B8 -> 0.26 | C17: =D8-C8 -> 2.88 | D17: =E8-D8 -> 0.48 | E17: =F8-E8 -> 0.81 | F17: =G8-F8 -> -1.24
A18: =A9 -> Italy | B18: =C9-B9 -> 2.48 | C18: =D9-C9 -> -0.69 | D18: =E9-D9 -> 0.69 | E18: =F9-E9 -> 0.25 | F18: =G9-F9 -> 1.05
A20: Caveats: this is all-sector enterprise adoption, not beauty/retail-specific. France has a flagged break in 2022 in the source series.

Sheet 06_Charts
A1: 06 — Chart Source Tables
A2: Only the clean tables needed to reproduce the portfolio visuals
A4: Chart 1 — E-commerce Share of Sales | D4: Chart 2 — Growth vs Margin
A5: Year | B5: E-commerce Share | D5: Year | E5: LFL Sales Growth | F5: Operating Margin
A6: 2021 | B6: 0.289 | D6: 2021 | E6: 0.161 | F6: 0.191
A7: 2022 | B7: 0.28 | D7: 2022 | E7: 0.109 | F7: 0.195
A8: 2023 | B8: 0.27 | D8: 2023 | E8: 0.11 | F8: 0.198
A9: 2024 | B9: 0.282 | D9: 2024 | E9: 0.051 | F9: 0.2
A10: 2025 | B10: ='01_LOreal_Data'!F9 -> 0.302 | D10: 2025 | E10: 0.04 | F10: 0.202
A13: These tables are separated from calculations so the PPT charts can be reproduced without touching the analytical tabs.

Sheet 07_Sources
A1: 07 — Sources & Methodology
A2: Source audit for the portfolio workbook
A4: Source | B4: Publisher / Provider | C4: Period Used | D4: Supports | E4: Key limitation / note
A5: L'Oréal Annual Reports 2021–2024 | B5: L'Oréal | C5: 2021–2024 | D5: Total sales, LFL growth, e-commerce sales/share/growth, operating margin | E5: Company-reported; e-commerce definition is consistent across the series.
A6: L'Oréal Universal Registration Document 2025 | B6: L'Oréal | C6: 2025 | D6: 2025 sales, reported/LFL growth, operating margin, e-commerce sales €13.3bn = 30.2% of Group sales (+12.7%) | E6: Company-reported; e-commerce sales rounded to €0.1bn in the source.
A7: 2025 Annual Results | B7: L'Oréal | C7: 2025 | D7: 2025 headline results; e-commerce described as passing the 30% mark | E7: Exact 2025 e-commerce figures are taken from the Universal Registration Document, not this release.
A8: MRTSSM446USS | B8: U.S. Census via FRED | C8: 2019–2026 monthly; 2021–2025 analysis | D8: Health & Personal Care Stores retail context | E8: U.S.-only, category-level benchmark; not like-for-like with L'Oréal.
A9: isoc_ec_ib20 | B9: Eurostat | C9: 2020–2025 | D9: Online purchase adoption by individuals | E9: All-category online shopping; not beauty-specific spending; structural breaks flagged.
A10: isoc_ec_esels | B10: Eurostat | C10: 2020–2025 | D10: Enterprise B2C web-sales adoption | E10: All sectors; 10+ employees; not beauty-specific; France has a flagged 2022 break.
A11: L'Oréal × OpenAI announcement, 17 June 2026 | B11: L'Oréal / OpenAI (VivaTech) | C11: 2026 | D11: AI-powered discovery, virtual try-on, and advertising initiatives | E11: Announcement establishes scope; L'Oréal-specific measurement implementation is not detailed in public sources.
A12: OpenAI ChatGPT Ads documentation | B12: OpenAI | C12: Current as of September 2026 | D12: Platform-level geographic targeting and reporting capability | E12: Confirms platform capability only — not L'Oréal's specific eligible-market assignment or reporting access.
A14: Comparability rule: L'Oréal vs itself supports full quantitative analysis. FRED and Eurostat are contextual/descriptive evidence only.

Sheet 08_Appendix_Analysis
A1: 08 — Appendix Analysis
A2: Supporting observations behind the main portfolio narrative
A4: Reported Growth vs Like-for-Like Growth
A5: Year | B5: Reported YoY | C5: LFL Growth | D5: Difference (pp)
A6: 2022 | B6: ='01_LOreal_Data'!C6 -> 0.18499362 | C6: ='01_LOreal_Data'!D6 -> 0.109 | D6: =B6-C6 -> 0.07599362
A7: 2023 | B7: ='01_LOreal_Data'!C7 -> 0.076368379 | C7: ='01_LOreal_Data'!D7 -> 0.11 | D7: =B7-C7 -> -0.033631621
A8: 2024 | B8: ='01_LOreal_Data'!C8 -> 0.055953378 | C8: ='01_LOreal_Data'!D8 -> 0.051 | D8: =B8-C8 -> 0.0049533783
A9: 2025 | B9: ='01_LOreal_Data'!C9 -> 0.012997047 | C9: ='01_LOreal_Data'!D9 -> 0.04 | D9: =B9-C9 -> -0.027002953
A11: Reported growth includes currency/scope effects; LFL growth is based on comparable structure and identical exchange rates. The main deck uses LFL for the five-year operating trend.
A13: Spain — 2024→2025 Divergence
A14: Indicator | B14: 2024 | C14: 2025 | D14: Change (pp)
A15: Consumer online purchase adoption | B15: 56.7 | C15: 59.65 | D15: =C15-B15 -> 2.95
A16: Enterprise B2C web-sales adoption | B16: 22.34 | C16: 21.1 | D16: =C16-B16 -> -1.24
A18: Interpretation rule: the Spain divergence is descriptive, not causal. The datasets measure different populations and concepts, so the reason remains unresolved.
